zone_id,name,centroid_x,centroid_y,geometry,centroid,poi_count,total_production,total_attraction
1,A1,-76.9587951159789,39.00406581614197,"POLYGON ((-76.96052999999999 39.002939999999995,-76.96052999999999 39.00501,-76.95845999999999 39.00501,-76.95845999999999 39.002939999999995,-76.96052999999999 39.002939999999995))",POINT (-76.9587951159789 39.00406581614197),5,2.4880778889599995,2.4880778889599995
2,A2,-76.95742499999999,39.003975,"POLYGON ((-76.95845999999999 39.002939999999995,-76.95845999999999 39.00501,-76.95638999999998 39.00501,-76.95638999999998 39.002939999999995,-76.95845999999999 39.002939999999995))",POINT (-76.95742499999999 39.003975),0,0.0,0.0
3,A3,-76.95445476037693,39.003708758408656,"POLYGON ((-76.95638999999998 39.002939999999995,-76.95638999999998 39.00501,-76.95431999999998 39.00501,-76.95431999999998 39.002939999999995,-76.95638999999998 39.002939999999995))",POINT (-76.95445476037693 39.003708758408656),1,9.594734452351998,229.31415341121277
4,A4,-76.9527855626259,39.00354889720577,"POLYGON ((-76.95431999999998 39.002939999999995,-76.95431999999998 39.00501,-76.95224999999998 39.00501,-76.95224999999998 39.002939999999995,-76.95431999999998 39.002939999999995))",POINT (-76.9527855626259 39.00354889720577),11,38.128246336192,38.128246336192
5,A5,-76.9510854464518,39.003795250545096,"POLYGON ((-76.95224999999998 39.002939999999995,-76.95224999999998 39.00501,-76.95017999999997 39.00501,-76.95017999999997 39.002939999999995,-76.95224999999998 39.002939999999995))",POINT (-76.9510854464518 39.003795250545096),39,63.16746998688001,63.16746998688001
6,A6,-76.94925956494862,39.00386890509264,"POLYGON ((-76.95017999999997 39.002939999999995,-76.95017999999997 39.00501,-76.94810999999997 39.00501,-76.94810999999997 39.002939999999995,-76.95017999999997 39.002939999999995))",POINT (-76.94925956494862 39.00386890509264),53,85.302698250752,85.302698250752
7,A7,-76.94724613092312,39.00372618538539,"POLYGON ((-76.94810999999997 39.002939999999995,-76.94810999999997 39.00501,-76.94603999999997 39.00501,-76.94603999999997 39.002939999999995,-76.94810999999997 39.002939999999995))",POINT (-76.94724613092312 39.00372618538539),37,55.40739024265599,55.40739024265599
8,A8,-76.94527790081479,39.00386228180643,"POLYGON ((-76.94603999999997 39.002939999999995,-76.94603999999997 39.00501,-76.94396999999996 39.00501,-76.94396999999996 39.002939999999995,-76.94603999999997 39.002939999999995))",POINT (-76.94527790081479 39.00386228180643),15,89.510149367456,89.510149367456
9,A9,-76.94272327527956,39.00376680869587,"POLYGON ((-76.94396999999996 39.002939999999995,-76.94396999999996 39.00501,-76.94189999999996 39.00501,-76.94189999999996 39.002939999999995,-76.94396999999996 39.002939999999995))",POINT (-76.94272327527956 39.00376680869587),9,62.449301884992,307.0519646689345
10,A10,-76.94068312703763,39.0039713832924,"POLYGON ((-76.94189999999996 39.002939999999995,-76.94189999999996 39.00501,-76.93982999999996 39.00501,-76.93982999999996 39.002939999999995,-76.94189999999996 39.002939999999995))",POINT (-76.94068312703763 39.0039713832924),6,105.56608249606398,315.553936173568
11,A11,-76.93879499999996,39.003975,"POLYGON ((-76.93982999999996 39.002939999999995,-76.93982999999996 39.00501,-76.93775999999995 39.00501,-76.93775999999995 39.002939999999995,-76.93982999999996 39.002939999999995))",POINT (-76.93879499999996 39.003975),0,0.0,0.0
12,A12,-76.93608902236673,39.00387865628657,"POLYGON ((-76.93775999999995 39.002939999999995,-76.93775999999995 39.00501,-76.93568999999995 39.00501,-76.93568999999995 39.002939999999995,-76.93775999999995 39.002939999999995))",POINT (-76.93608902236673 39.00387865628657),4,7.961849244671998,7.961849244671998
13,A13,-76.93497749158017,39.00421680002213,"POLYGON ((-76.93568999999995 39.002939999999995,-76.93568999999995 39.00501,-76.93361999999995 39.00501,-76.93361999999995 39.002939999999995,-76.93568999999995 39.002939999999995))",POINT (-76.93497749158017 39.00421680002213),6,13.923333380608,13.923333380608
14,A14,-76.93216482287283,39.00380813589079,"POLYGON ((-76.93361999999995 39.002939999999995,-76.93361999999995 39.00501,-76.93154999999994 39.00501,-76.93154999999994 39.002939999999995,-76.93361999999995 39.002939999999995))",POINT (-76.93216482287283 39.00380813589079),29,29.771523038496,29.771523038496
15,A15,-76.93083013222679,39.003966723981264,"POLYGON ((-76.93154999999994 39.002939999999995,-76.93154999999994 39.00501,-76.92947999999994 39.00501,-76.92947999999994 39.002939999999995,-76.93154999999994 39.002939999999995))",POINT (-76.93083013222679 39.003966723981264),13,51.857075855872,181.8098845180864
16,A16,-76.92844499999994,39.003975,"POLYGON ((-76.92947999999994 39.002939999999995,-76.92947999999994 39.00501,-76.92740999999994 39.00501,-76.92740999999994 39.002939999999995,-76.92947999999994 39.002939999999995))",POINT (-76.92844499999994 39.003975),0,0.0,0.0
17,B1,-76.95949679512121,39.00113801251618,"POLYGON ((-76.96052999999999 39.00086999999999,-76.96052999999999 39.002939999999995,-76.95845999999999 39.002939999999995,-76.95845999999999 39.00086999999999,-76.96052999999999 39.00086999999999))",POINT (-76.95949679512121 39.00113801251618),1,3067.4798968645637,37.59166540275201
18,B2,-76.9576035169682,39.00204354829529,"POLYGON ((-76.95845999999999 39.00086999999999,-76.95845999999999 39.002939999999995,-76.95638999999998 39.002939999999995,-76.95638999999998 39.00086999999999,-76.95845999999999 39.00086999999999))",POINT (-76.9576035169682 39.00204354829529),1,1.490371033984,1.490371033984
19,B3,-76.95562328720526,39.00190136854555,"POLYGON ((-76.95638999999998 39.00086999999999,-76.95638999999998 39.002939999999995,-76.95431999999998 39.002939999999995,-76.95431999999998 39.00086999999999,-76.95638999999998 39.00086999999999))",POINT (-76.95562328720526 39.00190136854555),5,6.464406321555201,22.9745872329536
20,B4,-76.95250369776544,39.00261837481826,"POLYGON ((-76.95431999999998 39.00086999999999,-76.95431999999998 39.002939999999995,-76.95224999999998 39.002939999999995,-76.95224999999998 39.00086999999999,-76.95431999999998 39.00086999999999))",POINT (-76.95250369776544 39.00261837481826),4,3.6627972504639996,3.6627972504639996
21,B5,-76.95105833634366,39.002071366853336,"POLYGON ((-76.95224999999998 39.00086999999999,-76.95224999999998 39.002939999999995,-76.95017999999997 39.002939999999995,-76.95017999999997 39.00086999999999,-76.95224999999998 39.00086999999999))",POINT (-76.95105833634366 39.002071366853336),39,42.70829021139199,42.70829021139199
22,B6,-76.94913470507214,39.001860159515765,"POLYGON ((-76.95017999999997 39.00086999999999,-76.95017999999997 39.002939999999995,-76.94810999999997 39.002939999999995,-76.94810999999997 39.00086999999999,-76.95017999999997 39.00086999999999))",POINT (-76.94913470507214 39.001860159515765),56,74.183094431584,74.183094431584
23,B7,-76.94733902445888,39.002001245105625,"POLYGON ((-76.94810999999997 39.00086999999999,-76.94810999999997 39.002939999999995,-76.94603999999997 39.002939999999995,-76.94603999999997 39.00086999999999,-76.94810999999997 39.00086999999999))",POINT (-76.94733902445888 39.002001245105625),25,40.328766358816,94.03478063191682
24,B8,-76.9451154732817,39.00217098657388,"POLYGON ((-76.94603999999997 39.00086999999999,-76.94603999999997 39.002939999999995,-76.94396999999996 39.002939999999995,-76.94396999999996 39.00086999999999,-76.94603999999997 39.00086999999999))",POINT (-76.9451154732817 39.00217098657388),5,46.242028176160005,284.51748144050566
25,B9,-76.94261936290988,39.00183441812499,"POLYGON ((-76.94396999999996 39.00086999999999,-76.94396999999996 39.002939999999995,-76.94189999999996 39.002939999999995,-76.94189999999996 39.00086999999999,-76.94396999999996 39.00086999999999))",POINT (-76.94261936290988 39.00183441812499),8,14.495327579264002,242.09512374497922
26,B10,-76.9414252749545,39.00173461642737,"POLYGON ((-76.94189999999996 39.00086999999999,-76.94189999999996 39.002939999999995,-76.93982999999996 39.002939999999995,-76.93982999999996 39.00086999999999,-76.94189999999996 39.00086999999999))",POINT (-76.9414252749545 39.00173461642737),6,13.298004005920001,85.65103991911681
27,B11,-76.93879499999996,39.001904999999994,"POLYGON ((-76.93982999999996 39.00086999999999,-76.93982999999996 39.002939999999995,-76.93775999999995 39.002939999999995,-76.93775999999995 39.00086999999999,-76.93982999999996 39.00086999999999))",POINT (-76.93879499999996 39.001904999999994),0,0.0,0.0
28,B12,-76.93672499999995,39.001904999999994,"POLYGON ((-76.93775999999995 39.00086999999999,-76.93775999999995 39.002939999999995,-76.93568999999995 39.002939999999995,-76.93568999999995 39.00086999999999,-76.93775999999995 39.00086999999999))",POINT (-76.93672499999995 39.001904999999994),0,0.0,0.0
29,B13,-76.93397215,39.00137035,"POLYGON ((-76.93568999999995 39.00086999999999,-76.93568999999995 39.002939999999995,-76.93361999999995 39.002939999999995,-76.93361999999995 39.00086999999999,-76.93568999999995 39.00086999999999))",POINT (-76.93397215 39.00137035),0,0.0,0.0
30,B14,-76.93246952516373,39.002275015426875,"POLYGON ((-76.93361999999995 39.00086999999999,-76.93361999999995 39.002939999999995,-76.93154999999994 39.002939999999995,-76.93154999999994 39.00086999999999,-76.93361999999995 39.00086999999999))",POINT (-76.93246952516373 39.002275015426875),16,25.643294302335995,25.643294302335995
31,B15,-76.93085836958629,39.001706211801114,"POLYGON ((-76.93154999999994 39.00086999999999,-76.93154999999994 39.002939999999995,-76.92947999999994 39.002939999999995,-76.92947999999994 39.00086999999999,-76.93154999999994 39.00086999999999))",POINT (-76.93085836958629 39.001706211801114),2,5.169744706464001,83.21946179584643
32,B16,-76.92844499999994,39.001904999999994,"POLYGON ((-76.92947999999994 39.00086999999999,-76.92947999999994 39.002939999999995,-76.92740999999994 39.002939999999995,-76.92740999999994 39.00086999999999,-76.92947999999994 39.00086999999999))",POINT (-76.92844499999994 39.001904999999994),0,0.0,0.0
33,C1,-76.95966901023371,38.99917289233533,"POLYGON ((-76.96052999999999 38.99879999999999,-76.96052999999999 39.00086999999999,-76.95845999999999 39.00086999999999,-76.95845999999999 38.99879999999999,-76.96052999999999 38.99879999999999))",POINT (-76.95966901023371 38.99917289233533),2,95.957516418848,280.679781409952
34,C2,-76.95742499999999,38.99983499999999,"POLYGON ((-76.95845999999999 38.99879999999999,-76.95845999999999 39.00086999999999,-76.95638999999998 39.00086999999999,-76.95638999999998 38.99879999999999,-76.95845999999999 38.99879999999999))",POINT (-76.95742499999999 38.99983499999999),0,0.0,0.0
35,C3,-76.95490945,38.9995353,"POLYGON ((-76.95638999999998 38.99879999999999,-76.95638999999998 39.00086999999999,-76.95431999999998 39.00086999999999,-76.95431999999998 38.99879999999999,-76.95638999999998 38.99879999999999))",POINT (-76.95490945 38.9995353),1,0.975425560448,0.975425560448
36,C4,-76.95328499999998,38.99983499999999,"POLYGON ((-76.95431999999998 38.99879999999999,-76.95431999999998 39.00086999999999,-76.95224999999998 39.00086999999999,-76.95224999999998 38.99879999999999,-76.95431999999998 38.99879999999999))",POINT (-76.95328499999998 38.99983499999999),0,0.0,0.0
37,C5,-76.9502214,38.999855249999996,"POLYGON ((-76.95224999999998 38.99879999999999,-76.95224999999998 39.00086999999999,-76.95017999999997 39.00086999999999,-76.95017999999997 38.99879999999999,-76.95224999999998 38.99879999999999))",POINT (-76.9502214 38.999855249999996),2,0.30822457430399997,0.30822457430399997
38,C6,-76.94911297293343,38.99978215457299,"POLYGON ((-76.95017999999997 38.99879999999999,-76.95017999999997 39.00086999999999,-76.94810999999997 39.00086999999999,-76.94810999999997 38.99879999999999,-76.95017999999997 38.99879999999999))",POINT (-76.94911297293343 38.99978215457299),107,95.27852895081595,95.27852895081595
39,C7,-76.94717800440105,38.999889463472265,"POLYGON ((-76.94810999999997 38.99879999999999,-76.94810999999997 39.00086999999999,-76.94603999999997 39.00086999999999,-76.94603999999997 38.99879999999999,-76.94810999999997 38.99879999999999))",POINT (-76.94717800440105 38.999889463472265),62,79.13976753168,110.6687572768256
40,C8,-76.94497819774489,39.00027649226825,"POLYGON ((-76.94603999999997 38.99879999999999,-76.94603999999997 39.00086999999999,-76.94396999999996 39.00086999999999,-76.94396999999996 38.99879999999999,-76.94603999999997 38.99879999999999))",POINT (-76.94497819774489 39.00027649226825),9,22.649258805023997,138.5948939885248
41,C9,-76.94283627312375,38.99972150164656,"POLYGON ((-76.94396999999996 38.99879999999999,-76.94396999999996 39.00086999999999,-76.94189999999996 39.00086999999999,-76.94189999999996 38.99879999999999,-76.94396999999996 38.99879999999999))",POINT (-76.94283627312375 38.99972150164656),5,5.196170106495999,58.1972128318592
42,C10,-76.94055320997296,38.99992066239933,"POLYGON ((-76.94189999999996 38.99879999999999,-76.94189999999996 39.00086999999999,-76.93982999999996 39.00086999999999,-76.93982999999996 38.99879999999999,-76.94189999999996 38.99879999999999))",POINT (-76.94055320997296 38.99992066239933),18,21.984684213017598,18.25074827872
43,C11,-76.93880507110927,38.999498474066044,"POLYGON ((-76.93982999999996 38.99879999999999,-76.93982999999996 39.00086999999999,-76.93775999999995 39.00086999999999,-76.93775999999995 38.99879999999999,-76.93982999999996 38.99879999999999))",POINT (-76.93880507110927 38.999498474066044),26,34.803382052736,34.803382052736
44,C12,-76.93671114789728,38.999327692747514,"POLYGON ((-76.93775999999995 38.99879999999999,-76.93775999999995 39.00086999999999,-76.93568999999995 39.00086999999999,-76.93568999999995 38.99879999999999,-76.93775999999995 38.99879999999999))",POINT (-76.93671114789728 38.999327692747514),19,18.774251061024,38.193012785068795
45,C13,-76.93524511997748,38.99927275112863,"POLYGON ((-76.93568999999995 38.99879999999999,-76.93568999999995 39.00086999999999,-76.93361999999995 39.00086999999999,-76.93361999999995 38.99879999999999,-76.93568999999995 38.99879999999999))",POINT (-76.93524511997748 38.99927275112863),7,6.1952762698239985,32.5109274713856
46,C14,-76.93210426972531,38.99937415831816,"POLYGON ((-76.93361999999995 38.99879999999999,-76.93361999999995 39.00086999999999,-76.93154999999994 39.00086999999999,-76.93154999999994 38.99879999999999,-76.93361999999995 38.99879999999999))",POINT (-76.93210426972531 38.99937415831816),5,16.54251569824,119.835637054688
47,C15,-76.93063745799317,38.999400663057884,"POLYGON ((-76.93154999999994 38.99879999999999,-76.93154999999994 39.00086999999999,-76.92947999999994 39.00086999999999,-76.92947999999994 38.99879999999999,-76.93154999999994 38.99879999999999))",POINT (-76.93063745799317 38.999400663057884),15,73.37111885056002,101.87427650707201
48,C16,-76.92844499999994,38.99983499999999,"POLYGON ((-76.92947999999994 38.99879999999999,-76.92947999999994 39.00086999999999,-76.92740999999994 39.00086999999999,-76.92740999999994 38.99879999999999,-76.92947999999994 38.99879999999999))",POINT (-76.92844499999994 38.99983499999999),0,0.0,0.0
49,D1,-76.95949499999999,38.99776499999999,"POLYGON ((-76.96052999999999 38.996729999999985,-76.96052999999999 38.99879999999999,-76.95845999999999 38.99879999999999,-76.95845999999999 38.996729999999985,-76.96052999999999 38.996729999999985))",POINT (-76.95949499999999 38.99776499999999),0,0.0,0.0
50,D2,-76.95742499999999,38.99776499999999,"POLYGON ((-76.95845999999999 38.996729999999985,-76.95845999999999 38.99879999999999,-76.95638999999998 38.99879999999999,-76.95638999999998 38.996729999999985,-76.95845999999999 38.996729999999985))",POINT (-76.95742499999999 38.99776499999999),0,0.0,0.0
51,D3,-76.95535499999998,38.99776499999999,"POLYGON ((-76.95638999999998 38.996729999999985,-76.95638999999998 38.99879999999999,-76.95431999999998 38.99879999999999,-76.95431999999998 38.996729999999985,-76.95638999999998 38.996729999999985))",POINT (-76.95535499999998 38.99776499999999),0,0.0,0.0
52,D4,-76.95332156822165,38.997403668734414,"POLYGON ((-76.95431999999998 38.996729999999985,-76.95431999999998 38.99879999999999,-76.95224999999998 38.99879999999999,-76.95224999999998 38.996729999999985,-76.95431999999998 38.996729999999985))",POINT (-76.95332156822165 38.997403668734414),11,14.230320105215997,14.230320105215997
53,D5,-76.95121499999998,38.99776499999999,"POLYGON ((-76.95224999999998 38.996729999999985,-76.95224999999998 38.99879999999999,-76.95017999999997 38.99879999999999,-76.95017999999997 38.996729999999985,-76.95224999999998 38.996729999999985))",POINT (-76.95121499999998 38.99776499999999),0,0.0,0.0
54,D6,-76.94910856903807,38.998380074197605,"POLYGON ((-76.95017999999997 38.996729999999985,-76.95017999999997 38.99879999999999,-76.94810999999997 38.99879999999999,-76.94810999999997 38.996729999999985,-76.95017999999997 38.996729999999985))",POINT (-76.94910856903807 38.998380074197605),46,35.900116883391995,35.900116883391995
55,D7,-76.94758516480347,38.998447883971984,"POLYGON ((-76.94810999999997 38.996729999999985,-76.94810999999997 38.99879999999999,-76.94603999999997 38.99879999999999,-76.94603999999997 38.996729999999985,-76.94810999999997 38.996729999999985))",POINT (-76.94758516480347 38.998447883971984),16,20.037073029151998,20.037073029151998
56,D8,-76.94507941452085,38.99870120185395,"POLYGON ((-76.94603999999997 38.996729999999985,-76.94603999999997 38.99879999999999,-76.94396999999996 38.99879999999999,-76.94396999999996 38.996729999999985,-76.94603999999997 38.996729999999985))",POINT (-76.94507941452085 38.99870120185395),2,2.5821544658559996,2.5821544658559996
57,D9,-76.94285563909807,38.997858831538906,"POLYGON ((-76.94396999999996 38.996729999999985,-76.94396999999996 38.99879999999999,-76.94189999999996 38.99879999999999,-76.94189999999996 38.996729999999985,-76.94396999999996 38.996729999999985))",POINT (-76.94285563909807 38.997858831538906),6,27.194535249632004,125.29258441844483
58,D10,-76.94071926046973,38.99741442919545,"POLYGON ((-76.94189999999996 38.996729999999985,-76.94189999999996 38.99879999999999,-76.93982999999996 38.99879999999999,-76.93982999999996 38.996729999999985,-76.94189999999996 38.996729999999985))",POINT (-76.94071926046973 38.99741442919545),2,20.142021155552005,466.62564467968645
59,D11,-76.93928568965214,38.99729814461834,"POLYGON ((-76.93982999999996 38.996729999999985,-76.93982999999996 38.99879999999999,-76.93775999999995 38.99879999999999,-76.93775999999995 38.996729999999985,-76.93982999999996 38.996729999999985))",POINT (-76.93928568965214 38.99729814461834),1,1.821146000576,43.525389413766405
60,D12,-76.9366792435342,38.99829004820457,"POLYGON ((-76.93775999999995 38.996729999999985,-76.93775999999995 38.99879999999999,-76.93568999999995 38.99879999999999,-76.93568999999995 38.996729999999985,-76.93775999999995 38.996729999999985))",POINT (-76.9366792435342 38.99829004820457),20,21.704456569663996,21.704456569663996
61,D13,-76.93465499999995,38.99776499999999,"POLYGON ((-76.93568999999995 38.996729999999985,-76.93568999999995 38.99879999999999,-76.93361999999995 38.99879999999999,-76.93361999999995 38.996729999999985,-76.93568999999995 38.996729999999985))",POINT (-76.93465499999995 38.99776499999999),0,0.0,0.0
62,D14,-76.9320434668852,38.99812717837686,"POLYGON ((-76.93361999999995 38.996729999999985,-76.93361999999995 38.99879999999999,-76.93154999999994 38.99879999999999,-76.93154999999994 38.996729999999985,-76.93361999999995 38.996729999999985))",POINT (-76.9320434668852 38.99812717837686),6,9.875941611552,73.3026926721472
63,D15,-76.93029949143242,38.99779328110521,"POLYGON ((-76.93154999999994 38.996729999999985,-76.93154999999994 38.99879999999999,-76.92947999999994 38.99879999999999,-76.92947999999994 38.996729999999985,-76.93154999999994 38.996729999999985))",POINT (-76.93029949143242 38.99779328110521),39,56.294497918272,71.348364808192
64,D16,-76.92844499999994,38.99776499999999,"POLYGON ((-76.92947999999994 38.996729999999985,-76.92947999999994 38.99879999999999,-76.92740999999994 38.99879999999999,-76.92740999999994 38.996729999999985,-76.92947999999994 38.996729999999985))",POINT (-76.92844499999994 38.99776499999999),0,0.0,0.0
65,E1,-76.95949499999999,38.995694999999984,"POLYGON ((-76.96052999999999 38.99465999999998,-76.96052999999999 38.996729999999985,-76.95845999999999 38.996729999999985,-76.95845999999999 38.99465999999998,-76.96052999999999 38.99465999999998))",POINT (-76.95949499999999 38.995694999999984),0,0.0,0.0
66,E2,-76.95742499999999,38.995694999999984,"POLYGON ((-76.95845999999999 38.99465999999998,-76.95845999999999 38.996729999999985,-76.95638999999998 38.996729999999985,-76.95638999999998 38.99465999999998,-76.95845999999999 38.99465999999998))",POINT (-76.95742499999999 38.995694999999984),0,0.0,0.0
67,E3,-76.95535499999998,38.995694999999984,"POLYGON ((-76.95638999999998 38.99465999999998,-76.95638999999998 38.996729999999985,-76.95431999999998 38.996729999999985,-76.95431999999998 38.99465999999998,-76.95638999999998 38.99465999999998))",POINT (-76.95535499999998 38.995694999999984),0,0.0,0.0
68,E4,-76.95328499999998,38.995694999999984,"POLYGON ((-76.95431999999998 38.99465999999998,-76.95431999999998 38.996729999999985,-76.95224999999998 38.996729999999985,-76.95224999999998 38.99465999999998,-76.95431999999998 38.99465999999998))",POINT (-76.95328499999998 38.995694999999984),0,0.0,0.0
69,E5,-76.95121499999998,38.995694999999984,"POLYGON ((-76.95224999999998 38.99465999999998,-76.95224999999998 38.996729999999985,-76.95017999999997 38.996729999999985,-76.95017999999997 38.99465999999998,-76.95224999999998 38.99465999999998))",POINT (-76.95121499999998 38.995694999999984),0,0.0,0.0
70,E6,-76.94864951624665,38.995551883810116,"POLYGON ((-76.95017999999997 38.99465999999998,-76.95017999999997 38.996729999999985,-76.94810999999997 38.996729999999985,-76.94810999999997 38.99465999999998,-76.95017999999997 38.99465999999998))",POINT (-76.94864951624665 38.995551883810116),2,1.648869614624,27.3606116231936
71,E7,-76.94707499999997,38.995694999999984,"POLYGON ((-76.94810999999997 38.99465999999998,-76.94810999999997 38.996729999999985,-76.94603999999997 38.996729999999985,-76.94603999999997 38.99465999999998,-76.94810999999997 38.99465999999998))",POINT (-76.94707499999997 38.995694999999984),0,0.0,0.0
72,E8,-76.9448255,38.9951848,"POLYGON ((-76.94603999999997 38.99465999999998,-76.94603999999997 38.996729999999985,-76.94396999999996 38.996729999999985,-76.94396999999996 38.99465999999998,-76.94603999999997 38.99465999999998))",POINT (-76.9448255 38.9951848),0,0.0,0.0
73,E9,-76.94326003726398,38.995899004112374,"POLYGON ((-76.94396999999996 38.99465999999998,-76.94396999999996 38.996729999999985,-76.94189999999996 38.996729999999985,-76.94189999999996 38.99465999999998,-76.94396999999996 38.99465999999998))",POINT (-76.94326003726398 38.995899004112374),16,58.153855800768,222.83940297176318
74,E10,-76.94059836985558,38.99591095155843,"POLYGON ((-76.94189999999996 38.99465999999998,-76.94189999999996 38.996729999999985,-76.93982999999996 38.996729999999985,-76.93982999999996 38.99465999999998,-76.94189999999996 38.99465999999998))",POINT (-76.94059836985558 38.99591095155843),2,256.60624198079995,256.60624198079995
75,E11,-76.93913407570577,38.995881043284555,"POLYGON ((-76.93982999999996 38.99465999999998,-76.93982999999996 38.996729999999985,-76.93775999999995 38.996729999999985,-76.93775999999995 38.99465999999998,-76.93982999999996 38.99465999999998))",POINT (-76.93913407570577 38.995881043284555),5,3.301237500128,37.953332792192
76,E12,-76.93676827973837,38.99538266017073,"POLYGON ((-76.93775999999995 38.99465999999998,-76.93775999999995 38.996729999999985,-76.93568999999995 38.996729999999985,-76.93568999999995 38.99465999999998,-76.93775999999995 38.99465999999998))",POINT (-76.93676827973837 38.99538266017073),5,30.576534369491196,244.50657335580163
77,E13,-76.93465499999995,38.995694999999984,"POLYGON ((-76.93568999999995 38.99465999999998,-76.93568999999995 38.996729999999985,-76.93361999999995 38.996729999999985,-76.93361999999995 38.99465999999998,-76.93568999999995 38.99465999999998))",POINT (-76.93465499999995 38.995694999999984),0,0.0,0.0
78,E14,-76.93213347107552,38.995490202990595,"POLYGON ((-76.93361999999995 38.99465999999998,-76.93361999999995 38.996729999999985,-76.93154999999994 38.996729999999985,-76.93154999999994 38.99465999999998,-76.93361999999995 38.99465999999998))",POINT (-76.93213347107552 38.995490202990595),9,16.595743235167998,118.3054180244032
79,E15,-76.93041343814814,38.9955276041974,"POLYGON ((-76.93154999999994 38.99465999999998,-76.93154999999994 38.996729999999985,-76.92947999999994 38.996729999999985,-76.92947999999994 38.99465999999998,-76.93154999999994 38.99465999999998))",POINT (-76.93041343814814 38.9955276041974),37,45.431344264384,278.17496564032
80,E16,-76.92844499999994,38.995694999999984,"POLYGON ((-76.92947999999994 38.99465999999998,-76.92947999999994 38.996729999999985,-76.92740999999994 38.996729999999985,-76.92740999999994 38.99465999999998,-76.92947999999994 38.99465999999998))",POINT (-76.92844499999994 38.995694999999984),0,0.0,0.0
81,F1,-76.958866257455,38.99293885609192,"POLYGON ((-76.96052999999999 38.99258999999998,-76.96052999999999 38.99465999999998,-76.95845999999999 38.99465999999998,-76.95845999999999 38.99258999999998,-76.96052999999999 38.99258999999998))",POINT (-76.958866257455 38.99293885609192),6,6.773513536511999,6.773513536511999
82,F2,-76.958055,38.992686,"POLYGON ((-76.95845999999999 38.99258999999998,-76.95845999999999 38.99465999999998,-76.95638999999998 38.99465999999998,-76.95638999999998 38.99258999999998,-76.95845999999999 38.99258999999998))",POINT (-76.958055 38.992686),0,0.0,0.0
83,F3,-76.95437034428518,38.99434172786792,"POLYGON ((-76.95638999999998 38.99258999999998,-76.95638999999998 38.99465999999998,-76.95431999999998 38.99465999999998,-76.95431999999998 38.99258999999998,-76.95638999999998 38.99258999999998))",POINT (-76.95437034428518 38.99434172786792),1,1.2997421808,1.2997421808
84,F4,-76.95328499999998,38.99362499999998,"POLYGON ((-76.95431999999998 38.99258999999998,-76.95431999999998 38.99465999999998,-76.95224999999998 38.99465999999998,-76.95224999999998 38.99258999999998,-76.95431999999998 38.99258999999998))",POINT (-76.95328499999998 38.99362499999998),0,0.0,0.0
85,F5,-76.95069209833402,38.99328549537808,"POLYGON ((-76.95224999999998 38.99258999999998,-76.95224999999998 38.99465999999998,-76.95017999999997 38.99465999999998,-76.95017999999997 38.99258999999998,-76.95224999999998 38.99258999999998))",POINT (-76.95069209833402 38.99328549537808),2,15.104306574054398,21.549316329068798
86,F6,-76.94902838678401,38.99333637385493,"POLYGON ((-76.95017999999997 38.99258999999998,-76.95017999999997 38.99465999999998,-76.94810999999997 38.99465999999998,-76.94810999999997 38.99258999999998,-76.95017999999997 38.99258999999998))",POINT (-76.94902838678401 38.99333637385493),14,177.88266104473598,216.57337551887997
87,F7,-76.94712527756054,38.99338815711328,"POLYGON ((-76.94810999999997 38.99258999999998,-76.94810999999997 38.99465999999998,-76.94603999999997 38.99465999999998,-76.94603999999997 38.99258999999998,-76.94810999999997 38.99258999999998))",POINT (-76.94712527756054 38.99338815711328),6,10.432381959679999,66.27549529532801
88,F8,-76.94485290003102,38.993298152364666,"POLYGON ((-76.94603999999997 38.99258999999998,-76.94603999999997 38.99465999999998,-76.94396999999996 38.99465999999998,-76.94396999999996 38.99258999999998,-76.94603999999997 38.99258999999998))",POINT (-76.94485290003102 38.993298152364666),3,141.97700074748798,175.46807913598718
89,F9,-76.94295163419226,38.99319991103982,"POLYGON ((-76.94396999999996 38.99258999999998,-76.94396999999996 38.99465999999998,-76.94189999999996 38.99465999999998,-76.94189999999996 38.99258999999998,-76.94396999999996 38.99258999999998))",POINT (-76.94295163419226 38.99319991103982),5,134.30693958593918,30.868591550374404
90,F10,-76.94032317323787,38.99337719551351,"POLYGON ((-76.94189999999996 38.99258999999998,-76.94189999999996 38.99465999999998,-76.93982999999996 38.99465999999998,-76.93982999999996 38.99258999999998,-76.94189999999996 38.99258999999998))",POINT (-76.94032317323787 38.99337719551351),3,7.918793603072,189.2591671134208
91,F11,-76.93865497655078,38.99357517941022,"POLYGON ((-76.93982999999996 38.99258999999998,-76.93982999999996 38.99465999999998,-76.93775999999995 38.99465999999998,-76.93775999999995 38.99258999999998,-76.93982999999996 38.99258999999998))",POINT (-76.93865497655078 38.99357517941022),7,50.646243574976005,684.8963274099904
92,F12,-76.93704152219432,38.99340989197362,"POLYGON ((-76.93775999999995 38.99258999999998,-76.93775999999995 38.99465999999998,-76.93568999999995 38.99465999999998,-76.93568999999995 38.99258999999998,-76.93775999999995 38.99258999999998))",POINT (-76.93704152219432 38.99340989197362),4,42.804411931264,544.4754759529408
93,F13,-76.93363243525066,38.99362971026702,"POLYGON ((-76.93568999999995 38.99258999999998,-76.93568999999995 38.99465999999998,-76.93361999999995 38.99465999999998,-76.93361999999995 38.99258999999998,-76.93568999999995 38.99258999999998))",POINT (-76.93363243525066 38.99362971026702),1,8.777215457472,8.777215457472
94,F14,-76.93261889158575,38.99359540708088,"POLYGON ((-76.93361999999995 38.99258999999998,-76.93361999999995 38.99465999999998,-76.93154999999994 38.99465999999998,-76.93154999999994 38.99258999999998,-76.93361999999995 38.99258999999998))",POINT (-76.93261889158575 38.99359540708088),11,184.36172781225596,221.2508650749312
95,F15,-76.93056392995354,38.993509430287304,"POLYGON ((-76.93154999999994 38.99258999999998,-76.93154999999994 38.99465999999998,-76.92947999999994 38.99465999999998,-76.92947999999994 38.99258999999998,-76.93154999999994 38.99258999999998))",POINT (-76.93056392995354 38.993509430287304),33,60.96910274633601,140.99323315648
96,F16,-76.92844499999994,38.99362499999998,"POLYGON ((-76.92947999999994 38.99258999999998,-76.92947999999994 38.99465999999998,-76.92740999999994 38.99465999999998,-76.92740999999994 38.99258999999998,-76.92947999999994 38.99258999999998))",POINT (-76.92844499999994 38.99362499999998),0,0.0,0.0
97,G1,-76.95882434171014,38.99166216502065,"POLYGON ((-76.96052999999999 38.990519999999975,-76.96052999999999 38.99258999999998,-76.95845999999999 38.99258999999998,-76.95845999999999 38.990519999999975,-76.96052999999999 38.990519999999975))",POINT (-76.95882434171014 38.99166216502065),17,32.61733948959999,32.61733948959999
98,G2,-76.95789801454544,38.991667450794196,"POLYGON ((-76.95845999999999 38.990519999999975,-76.95845999999999 38.99258999999998,-76.95638999999998 38.99258999999998,-76.95638999999998 38.990519999999975,-76.95845999999999 38.990519999999975))",POINT (-76.95789801454544 38.991667450794196),20,32.937942560863995,32.937942560863995
99,G3,-76.95482656466613,38.99084724892466,"POLYGON ((-76.95638999999998 38.990519999999975,-76.95638999999998 38.99258999999998,-76.95431999999998 38.99258999999998,-76.95431999999998 38.990519999999975,-76.95638999999998 38.990519999999975))",POINT (-76.95482656466613 38.99084724892466),4,13.074276128255999,17.5555288338048
100,G4,-76.95339425,38.99097665,"POLYGON ((-76.95431999999998 38.990519999999975,-76.95431999999998 38.99258999999998,-76.95224999999998 38.99258999999998,-76.95224999999998 38.990519999999975,-76.95431999999998 38.990519999999975))",POINT (-76.95339425 38.99097665),0,0.0,0.0
101,G5,-76.95111015637983,38.991979497198656,"POLYGON ((-76.95224999999998 38.990519999999975,-76.95224999999998 38.99258999999998,-76.95017999999997 38.99258999999998,-76.95017999999997 38.990519999999975,-76.95224999999998 38.990519999999975))",POINT (-76.95111015637983 38.991979497198656),4,414.0084214713664,223.19070471548798
102,G6,-76.94928275564693,38.991732265676426,"POLYGON ((-76.95017999999997 38.990519999999975,-76.95017999999997 38.99258999999998,-76.94810999999997 38.99258999999998,-76.94810999999997 38.990519999999975,-76.95017999999997 38.990519999999975))",POINT (-76.94928275564693 38.991732265676426),5,27.232370394687997,216.16011670689284
103,G7,-76.94711595080722,38.99201032961041,"POLYGON ((-76.94810999999997 38.990519999999975,-76.94810999999997 38.99258999999998,-76.94603999999997 38.99258999999998,-76.94603999999997 38.990519999999975,-76.94810999999997 38.990519999999975))",POINT (-76.94711595080722 38.99201032961041),7,20.746683822272,305.04984504280316
104,G8,-76.94514048985778,38.9916421903825,"POLYGON ((-76.94603999999997 38.990519999999975,-76.94603999999997 38.99258999999998,-76.94396999999996 38.99258999999998,-76.94396999999996 38.990519999999975,-76.94603999999997 38.990519999999975))",POINT (-76.94514048985778 38.9916421903825),9,34.376087101587196,25.929334457305607
105,G9,-76.94308257652455,38.991582793016875,"POLYGON ((-76.94396999999996 38.990519999999975,-76.94396999999996 38.99258999999998,-76.94189999999996 38.99258999999998,-76.94189999999996 38.990519999999975,-76.94396999999996 38.990519999999975))",POINT (-76.94308257652455 38.991582793016875),9,137.3461404512896,98.31696557852801
106,G10,-76.94099455237563,38.99173924132703,"POLYGON ((-76.94189999999996 38.990519999999975,-76.94189999999996 38.99258999999998,-76.93982999999996 38.99258999999998,-76.93982999999996 38.990519999999975,-76.94189999999996 38.990519999999975))",POINT (-76.94099455237563 38.99173924132703),14,76.8007913295808,32.79810860085761
107,G11,-76.9388851514115,38.99144932977828,"POLYGON ((-76.93982999999996 38.990519999999975,-76.93982999999996 38.99258999999998,-76.93775999999995 38.99258999999998,-76.93775999999995 38.990519999999975,-76.93982999999996 38.990519999999975))",POINT (-76.9388851514115 38.99144932977828),13,322.80923157567355,167.9647294187136
108,G12,-76.936873055583,38.991517579515516,"POLYGON ((-76.93775999999995 38.990519999999975,-76.93775999999995 38.99258999999998,-76.93568999999995 38.99258999999998,-76.93568999999995 38.990519999999975,-76.93775999999995 38.990519999999975))",POINT (-76.936873055583 38.991517579515516),11,194.321251188064,152.89669722270725
109,G13,-76.9339974864474,38.99192710555552,"POLYGON ((-76.93568999999995 38.990519999999975,-76.93568999999995 38.99258999999998,-76.93361999999995 38.99258999999998,-76.93361999999995 38.990519999999975,-76.93568999999995 38.990519999999975))",POINT (-76.9339974864474 38.99192710555552),5,174.638956645696,258.1580103597056
110,G14,-76.93299505243931,38.99156511449282,"POLYGON ((-76.93361999999995 38.990519999999975,-76.93361999999995 38.99258999999998,-76.93154999999994 38.99258999999998,-76.93154999999994 38.990519999999975,-76.93361999999995 38.990519999999975))",POINT (-76.93299505243931 38.99156511449282),18,44.26103810614401,341.0101214214208
111,G15,-76.93026340060383,38.99171486708557,"POLYGON ((-76.93154999999994 38.990519999999975,-76.93154999999994 38.99258999999998,-76.92947999999994 38.99258999999998,-76.92947999999994 38.990519999999975,-76.93154999999994 38.990519999999975))",POINT (-76.93026340060383 38.99171486708557),12,20.361981664576,55.120822656076804
112,G16,-76.92844499999994,38.99155499999998,"POLYGON ((-76.92947999999994 38.990519999999975,-76.92947999999994 38.99258999999998,-76.92740999999994 38.99258999999998,-76.92740999999994 38.990519999999975,-76.92947999999994 38.990519999999975))",POINT (-76.92844499999994 38.99155499999998),0,0.0,0.0
113,H1,-76.95879367978996,38.990210315328085,"POLYGON ((-76.96052999999999 38.98844999999997,-76.96052999999999 38.990519999999975,-76.95845999999999 38.990519999999975,-76.95845999999999 38.98844999999997,-76.96052999999999 38.98844999999997))",POINT (-76.95879367978996 38.990210315328085),5,9.046205578367998,9.046205578367998
114,H2,-76.95790253321846,38.990492628167935,"POLYGON ((-76.95845999999999 38.98844999999997,-76.95845999999999 38.990519999999975,-76.95638999999998 38.990519999999975,-76.95638999999998 38.98844999999997,-76.95845999999999 38.98844999999997))",POINT (-76.95790253321846 38.990492628167935),1,8.487935365472,8.487935365472
115,H3,-76.9543701091714,38.98967987257187,"POLYGON ((-76.95638999999998 38.98844999999997,-76.95638999999998 38.990519999999975,-76.95431999999998 38.990519999999975,-76.95431999999998 38.98844999999997,-76.95638999999998 38.98844999999997))",POINT (-76.9543701091714 38.98967987257187),1,25.504655136384002,25.504655136384002
116,H4,-76.95319605722192,38.98941630312316,"POLYGON ((-76.95431999999998 38.98844999999997,-76.95431999999998 38.990519999999975,-76.95224999999998 38.990519999999975,-76.95224999999998 38.98844999999997,-76.95431999999998 38.98844999999997))",POINT (-76.95319605722192 38.98941630312316),4,18.778664264288,197.57275942214403
117,H5,-76.9517949584537,38.98968726364099,"POLYGON ((-76.95224999999998 38.98844999999997,-76.95224999999998 38.990519999999975,-76.95017999999997 38.990519999999975,-76.95017999999997 38.98844999999997,-76.95224999999998 38.98844999999997))",POINT (-76.9517949584537 38.98968726364099),1,0.9506685665279999,0.9506685665279999
118,H6,-76.94916369978115,38.98936644346019,"POLYGON ((-76.95017999999997 38.98844999999997,-76.95017999999997 38.990519999999975,-76.94810999999997 38.990519999999975,-76.94810999999997 38.98844999999997,-76.95017999999997 38.98844999999997))",POINT (-76.94916369978115 38.98936644346019),2,35.36348213040001,16.672489916320004
119,H7,-76.9472827347186,38.989995199033494,"POLYGON ((-76.94810999999997 38.98844999999997,-76.94810999999997 38.990519999999975,-76.94603999999997 38.990519999999975,-76.94603999999997 38.98844999999997,-76.94810999999997 38.98844999999997))",POINT (-76.9472827347186 38.989995199033494),3,94.0439730113984,164.90689622446078
120,H8,-76.9452656551998,38.98967054655226,"POLYGON ((-76.94603999999997 38.98844999999997,-76.94603999999997 38.990519999999975,-76.94396999999996 38.990519999999975,-76.94396999999996 38.98844999999997,-76.94603999999997 38.98844999999997))",POINT (-76.9452656551998 38.98967054655226),10,53.8092509377472,96.36050646031362
121,H9,-76.94331124039006,38.98918633209221,"POLYGON ((-76.94396999999996 38.98844999999997,-76.94396999999996 38.990519999999975,-76.94189999999996 38.990519999999975,-76.94189999999996 38.98844999999997,-76.94396999999996 38.98844999999997))",POINT (-76.94331124039006 38.98918633209221),8,152.165580136608,39.73936691704321
122,H10,-76.94076953013762,38.9894883962099,"POLYGON ((-76.94189999999996 38.98844999999997,-76.94189999999996 38.990519999999975,-76.93982999999996 38.990519999999975,-76.93982999999996 38.98844999999997,-76.94189999999996 38.98844999999997))",POINT (-76.94076953013762 38.9894883962099),9,156.63657483554556,277.9215939534144
123,H11,-76.93876074088026,38.989473543296405,"POLYGON ((-76.93982999999996 38.98844999999997,-76.93982999999996 38.990519999999975,-76.93775999999995 38.990519999999975,-76.93775999999995 38.98844999999997,-76.93982999999996 38.98844999999997))",POINT (-76.93876074088026 38.989473543296405),15,397.7841623119232,89.37777479735679
124,H12,-76.93671425913051,38.98936895445986,"POLYGON ((-76.93775999999995 38.98844999999997,-76.93775999999995 38.990519999999975,-76.93568999999995 38.990519999999975,-76.93568999999995 38.98844999999997,-76.93775999999995 38.98844999999997))",POINT (-76.93671425913051 38.98936895445986),10,101.5953190051456,97.25961589602562
125,H13,-76.93461673710509,38.989350670438924,"POLYGON ((-76.93568999999995 38.98844999999997,-76.93568999999995 38.990519999999975,-76.93361999999995 38.990519999999975,-76.93361999999995 38.98844999999997,-76.93568999999995 38.98844999999997))",POINT (-76.93461673710509 38.989350670438924),2,2.288837907456,25.042657338105602
126,H14,-76.93281975735226,38.98998378322765,"POLYGON ((-76.93361999999995 38.98844999999997,-76.93361999999995 38.990519999999975,-76.93154999999994 38.990519999999975,-76.93154999999994 38.98844999999997,-76.93361999999995 38.98844999999997))",POINT (-76.93281975735226 38.98998378322765),6,25.472686322496,64.652835802528
127,H15,-76.9301118942593,38.98950050123135,"POLYGON ((-76.93154999999994 38.98844999999997,-76.93154999999994 38.990519999999975,-76.92947999999994 38.990519999999975,-76.92947999999994 38.98844999999997,-76.93154999999994 38.98844999999997))",POINT (-76.9301118942593 38.98950050123135),4,3.6603753706239996,17.074468150208
128,H16,-76.92844499999994,38.98948499999997,"POLYGON ((-76.92947999999994 38.98844999999997,-76.92947999999994 38.990519999999975,-76.92740999999994 38.990519999999975,-76.92740999999994 38.98844999999997,-76.92947999999994 38.98844999999997))",POINT (-76.92844499999994 38.98948499999997),0,0.0,0.0
129,I1,-76.95884541803046,38.98728474004824,"POLYGON ((-76.96052999999999 38.98637999999997,-76.96052999999999 38.98844999999997,-76.95845999999999 38.98844999999997,-76.95845999999999 38.98637999999997,-76.96052999999999 38.98637999999997))",POINT (-76.95884541803046 38.98728474004824),13,15.827146213055999,15.827146213055999
130,I2,-76.95768644079648,38.9872291067823,"POLYGON ((-76.95845999999999 38.98637999999997,-76.95845999999999 38.98844999999997,-76.95638999999998 38.98844999999997,-76.95638999999998 38.98637999999997,-76.95845999999999 38.98637999999997))",POINT (-76.95768644079648 38.9872291067823),17,24.146734019872,24.146734019872
131,I3,-76.95532902571402,38.98703030175396,"POLYGON ((-76.95638999999998 38.98637999999997,-76.95638999999998 38.98844999999997,-76.95431999999998 38.98844999999997,-76.95431999999998 38.98637999999997,-76.95638999999998 38.98637999999997))",POINT (-76.95532902571402 38.98703030175396),1,5.2641980202240015,125.81433268335361
132,I4,-76.95352921802034,38.98767720221015,"POLYGON ((-76.95431999999998 38.98637999999997,-76.95431999999998 38.98844999999997,-76.95224999999998 38.98844999999997,-76.95224999999998 38.98637999999997,-76.95431999999998 38.98637999999997))",POINT (-76.95352921802034 38.98767720221015),2,77.58149775089281,57.378025430867204
133,I5,-76.95104495854372,38.98740646142872,"POLYGON ((-76.95224999999998 38.98637999999997,-76.95224999999998 38.98844999999997,-76.95017999999997 38.98844999999997,-76.95017999999997 38.98637999999997,-76.95224999999998 38.98637999999997))",POINT (-76.95104495854372 38.98740646142872),3,21.052432697184003,21.052432697184003
134,I6,-76.94945327587277,38.987585662906305,"POLYGON ((-76.95017999999997 38.98637999999997,-76.95017999999997 38.98844999999997,-76.94810999999997 38.98844999999997,-76.94810999999997 38.98637999999997,-76.95017999999997 38.98637999999997))",POINT (-76.94945327587277 38.987585662906305),5,39.2913083827328,368.171912855616
135,I7,-76.94685027571632,38.9869928776529,"POLYGON ((-76.94810999999997 38.98637999999997,-76.94810999999997 38.98844999999997,-76.94603999999997 38.98844999999997,-76.94603999999997 38.98637999999997,-76.94810999999997 38.98637999999997))",POINT (-76.94685027571632 38.9869928776529),4,280.24424130343675,23.952499256704005
136,I8,-76.94498389822107,38.9874649843351,"POLYGON ((-76.94603999999997 38.98637999999997,-76.94603999999997 38.98844999999997,-76.94396999999996 38.98844999999997,-76.94396999999996 38.98637999999997,-76.94603999999997 38.98637999999997))",POINT (-76.94498389822107 38.9874649843351),7,154.02811337267198,134.37328832964482
137,I9,-76.94372619010865,38.98766863616677,"POLYGON ((-76.94396999999996 38.98637999999997,-76.94396999999996 38.98844999999997,-76.94189999999996 38.98844999999997,-76.94189999999996 38.98637999999997,-76.94396999999996 38.98637999999997))",POINT (-76.94372619010865 38.98766863616677),10,69.72642649738879,180.45990716744961
138,I10,-76.94063563839343,38.987466432369565,"POLYGON ((-76.94189999999996 38.98637999999997,-76.94189999999996 38.98844999999997,-76.93982999999996 38.98844999999997,-76.93982999999996 38.98637999999997,-76.94189999999996 38.98637999999997))",POINT (-76.94063563839343 38.987466432369565),7,473.9445870839872,17.991682483212802
139,I11,-76.93900556489946,38.9871494169065,"POLYGON ((-76.93982999999996 38.98637999999997,-76.93982999999996 38.98844999999997,-76.93775999999995 38.98844999999997,-76.93775999999995 38.98637999999997,-76.93982999999996 38.98637999999997))",POINT (-76.93900556489946 38.9871494169065),5,23.975695483616004,219.17025501416325
140,I12,-76.936612075,38.988178725,"POLYGON ((-76.93775999999995 38.98637999999997,-76.93775999999995 38.98844999999997,-76.93568999999995 38.98844999999997,-76.93568999999995 38.98637999999997,-76.93775999999995 38.98637999999997))",POINT (-76.936612075 38.988178725),0,0.0,0.0
141,I13,-76.93442796598531,38.98766994019934,"POLYGON ((-76.93568999999995 38.98637999999997,-76.93568999999995 38.98844999999997,-76.93361999999995 38.98844999999997,-76.93361999999995 38.98637999999997,-76.93568999999995 38.98637999999997))",POINT (-76.93442796598531 38.98766994019934),3,130.91955851088,445.18954316020483
142,I14,-76.9335392,38.9876084,"POLYGON ((-76.93361999999995 38.98637999999997,-76.93361999999995 38.98844999999997,-76.93154999999994 38.98844999999997,-76.93154999999994 38.98637999999997,-76.93361999999995 38.98637999999997))",POINT (-76.9335392 38.9876084),0,0.0,0.0
143,I15,-76.93051499999994,38.98741499999997,"POLYGON ((-76.93154999999994 38.98637999999997,-76.93154999999994 38.98844999999997,-76.92947999999994 38.98844999999997,-76.92947999999994 38.98637999999997,-76.93154999999994 38.98637999999997))",POINT (-76.93051499999994 38.98741499999997),0,0.0,0.0
144,I16,-76.92844499999994,38.98741499999997,"POLYGON ((-76.92947999999994 38.98637999999997,-76.92947999999994 38.98844999999997,-76.92740999999994 38.98844999999997,-76.92740999999994 38.98637999999997,-76.92947999999994 38.98637999999997))",POINT (-76.92844499999994 38.98741499999997),0,0.0,0.0
145,J1,-76.95883858701838,38.98568520745007,"POLYGON ((-76.96052999999999 38.984309999999965,-76.96052999999999 38.98637999999997,-76.95845999999999 38.98637999999997,-76.95845999999999 38.984309999999965,-76.96052999999999 38.984309999999965))",POINT (-76.95883858701838 38.98568520745007),7,7.771220391488,7.771220391488
146,J2,-76.95759588952578,38.98565089743311,"POLYGON ((-76.95845999999999 38.984309999999965,-76.95845999999999 38.98637999999997,-76.95638999999998 38.98637999999997,-76.95638999999998 38.984309999999965,-76.95845999999999 38.984309999999965))",POINT (-76.95759588952578 38.98565089743311),16,73.507443775776,277.0420963624513
147,J3,-76.95551730259808,38.985408785889014,"POLYGON ((-76.95638999999998 38.984309999999965,-76.95638999999998 38.98637999999997,-76.95431999999998 38.98637999999997,-76.95431999999998 38.984309999999965,-76.95638999999998 38.984309999999965))",POINT (-76.95551730259808 38.985408785889014),6,64.48970874041599,76.0601158910464
148,J4,-76.95298799834828,38.985170180047696,"POLYGON ((-76.95431999999998 38.984309999999965,-76.95431999999998 38.98637999999997,-76.95224999999998 38.98637999999997,-76.95224999999998 38.984309999999965,-76.95431999999998 38.984309999999965))",POINT (-76.95298799834828 38.985170180047696),1,75.766304192768,75.766304192768
149,J5,-76.95167694613785,38.98548852062823,"POLYGON ((-76.95224999999998 38.984309999999965,-76.95224999999998 38.98637999999997,-76.95017999999997 38.98637999999997,-76.95017999999997 38.984309999999965,-76.95224999999998 38.984309999999965))",POINT (-76.95167694613785 38.98548852062823),6,29.567600755968,660.5738294971968
150,J6,-76.94880844728236,38.985113913027526,"POLYGON ((-76.95017999999997 38.984309999999965,-76.95017999999997 38.98637999999997,-76.94810999999997 38.98637999999997,-76.94810999999997 38.984309999999965,-76.95017999999997 38.984309999999965))",POINT (-76.94880844728236 38.985113913027526),8,77.43283738435842,388.70977681612806
151,J7,-76.94695083641095,38.98538922369152,"POLYGON ((-76.94810999999997 38.984309999999965,-76.94810999999997 38.98637999999997,-76.94603999999997 38.98637999999997,-76.94603999999997 38.984309999999965,-76.94810999999997 38.984309999999965))",POINT (-76.94695083641095 38.98538922369152),7,130.44161936129922,31.675443510048
152,J8,-76.94488258238876,38.985179985746626,"POLYGON ((-76.94603999999997 38.984309999999965,-76.94603999999997 38.98637999999997,-76.94396999999996 38.98637999999997,-76.94396999999996 38.984309999999965,-76.94603999999997 38.984309999999965))",POINT (-76.94488258238876 38.985179985746626),10,477.4073693513983,60.7137397360064
153,J9,-76.94270319065966,38.984891215858596,"POLYGON ((-76.94396999999996 38.984309999999965,-76.94396999999996 38.98637999999997,-76.94189999999996 38.98637999999997,-76.94189999999996 38.984309999999965,-76.94396999999996 38.984309999999965))",POINT (-76.94270319065966 38.984891215858596),3,36.4419613690176,24.693185459148797
154,J10,-76.94122468342215,38.985039221234224,"POLYGON ((-76.94189999999996 38.984309999999965,-76.94189999999996 38.98637999999997,-76.93982999999996 38.98637999999997,-76.93982999999996 38.984309999999965,-76.94189999999996 38.984309999999965))",POINT (-76.94122468342215 38.985039221234224),5,73.03198032558718,19.617086773164804
155,J11,-76.93883056913816,38.985639301507405,"POLYGON ((-76.93982999999996 38.984309999999965,-76.93982999999996 38.98637999999997,-76.93775999999995 38.98637999999997,-76.93775999999995 38.984309999999965,-76.93982999999996 38.984309999999965))",POINT (-76.93883056913816 38.985639301507405),9,76.290721907456,159.95653077585925
156,J12,-76.93680075872186,38.98532852817201,"POLYGON ((-76.93775999999995 38.984309999999965,-76.93775999999995 38.98637999999997,-76.93568999999995 38.98637999999997,-76.93568999999995 38.984309999999965,-76.93775999999995 38.984309999999965))",POINT (-76.93680075872186 38.98532852817201),10,96.427899303328,129.91060336953598
157,J13,-76.93483101858331,38.98502304141586,"POLYGON ((-76.93568999999995 38.984309999999965,-76.93568999999995 38.98637999999997,-76.93361999999995 38.98637999999997,-76.93361999999995 38.984309999999965,-76.93568999999995 38.984309999999965))",POINT (-76.93483101858331 38.98502304141586),12,48.58796862828799,335.960534246752
158,J14,-76.93339823717758,38.9851241117609,"POLYGON ((-76.93361999999995 38.984309999999965,-76.93361999999995 38.98637999999997,-76.93154999999994 38.98637999999997,-76.93154999999994 38.984309999999965,-76.93361999999995 38.984309999999965))",POINT (-76.93339823717758 38.9851241117609),3,24.338600722752,24.338600722752
159,J15,-76.93051499999994,38.98534499999997,"POLYGON ((-76.93154999999994 38.984309999999965,-76.93154999999994 38.98637999999997,-76.92947999999994 38.98637999999997,-76.92947999999994 38.984309999999965,-76.93154999999994 38.984309999999965))",POINT (-76.93051499999994 38.98534499999997),0,0.0,0.0
160,J16,-76.92844499999994,38.98534499999997,"POLYGON ((-76.92947999999994 38.984309999999965,-76.92947999999994 38.98637999999997,-76.92740999999994 38.98637999999997,-76.92740999999994 38.984309999999965,-76.92947999999994 38.984309999999965))",POINT (-76.92844499999994 38.98534499999997),0,0.0,0.0
161,K1,-76.9588045141174,38.982623197936356,"POLYGON ((-76.96052999999999 38.98223999999996,-76.96052999999999 38.984309999999965,-76.95845999999999 38.984309999999965,-76.95845999999999 38.98223999999996,-76.96052999999999 38.98223999999996))",POINT (-76.9588045141174 38.982623197936356),10,10.74453536128,10.74453536128
162,K2,-76.95731894462128,38.983019020806566,"POLYGON ((-76.95845999999999 38.98223999999996,-76.95845999999999 38.984309999999965,-76.95638999999998 38.984309999999965,-76.95638999999998 38.98223999999996,-76.95845999999999 38.98223999999996))",POINT (-76.95731894462128 38.983019020806566),45,49.430675173504,56.3670036187264
163,K3,-76.95563689523097,38.983244262188265,"POLYGON ((-76.95638999999998 38.98223999999996,-76.95638999999998 38.984309999999965,-76.95431999999998 38.984309999999965,-76.95431999999998 38.98223999999996,-76.95638999999998 38.98223999999996))",POINT (-76.95563689523097 38.983244262188265),38,35.24481001824,48.301573264275206
164,K4,-76.95339419186016,38.98362052049281,"POLYGON ((-76.95431999999998 38.98223999999996,-76.95431999999998 38.984309999999965,-76.95224999999998 38.984309999999965,-76.95224999999998 38.98223999999996,-76.95431999999998 38.98223999999996))",POINT (-76.95339419186016 38.98362052049281),12,1022.1304367713599,103.239517082656
165,K5,-76.95075780715032,38.98353813162318,"POLYGON ((-76.95224999999998 38.98223999999996,-76.95224999999998 38.984309999999965,-76.95017999999997 38.984309999999965,-76.95017999999997 38.98223999999996,-76.95224999999998 38.98223999999996))",POINT (-76.95075780715032 38.98353813162318),4,35.03868113408,141.4548757457152
166,K6,-76.94906607820141,38.98335576047763,"POLYGON ((-76.95017999999997 38.98223999999996,-76.95017999999997 38.984309999999965,-76.94810999999997 38.984309999999965,-76.94810999999997 38.98223999999996,-76.95017999999997 38.98223999999996))",POINT (-76.94906607820141 38.98335576047763),7,19.53353730064,47.9741135820864
167,K7,-76.94773753634706,38.98339380367402,"POLYGON ((-76.94810999999997 38.98223999999996,-76.94810999999997 38.984309999999965,-76.94603999999997 38.984309999999965,-76.94603999999997 38.98223999999996,-76.94810999999997 38.98223999999996))",POINT (-76.94773753634706 38.98339380367402),4,99.3444992292224,38.6922644772416
168,K8,-76.94518115683215,38.98339801741588,"POLYGON ((-76.94603999999997 38.98223999999996,-76.94603999999997 38.984309999999965,-76.94396999999996 38.984309999999965,-76.94396999999996 38.98223999999996,-76.94603999999997 38.98223999999996))",POINT (-76.94518115683215 38.98339801741588),10,68.963889556832,191.80349719813117
169,K9,-76.94288606158854,38.98313840739721,"POLYGON ((-76.94396999999996 38.98223999999996,-76.94396999999996 38.984309999999965,-76.94189999999996 38.984309999999965,-76.94189999999996 38.98223999999996,-76.94396999999996 38.98223999999996))",POINT (-76.94288606158854 38.98313840739721),11,93.9111678848832,495.9640925471489
170,K10,-76.94081708819441,38.98301217014279,"POLYGON ((-76.94189999999996 38.98223999999996,-76.94189999999996 38.984309999999965,-76.93982999999996 38.984309999999965,-76.93982999999996 38.98223999999996,-76.94189999999996 38.98223999999996))",POINT (-76.94081708819441 38.98301217014279),9,39.713555059903996,67.111312937888
171,K11,-76.93868226084724,38.982513229144104,"POLYGON ((-76.93982999999996 38.98223999999996,-76.93982999999996 38.984309999999965,-76.93775999999995 38.984309999999965,-76.93775999999995 38.98223999999996,-76.93982999999996 38.98223999999996))",POINT (-76.93868226084724 38.982513229144104),3,0.2824342449856,2.1664199544768006
172,K12,-76.93673250096626,38.983031275239235,"POLYGON ((-76.93775999999995 38.98223999999996,-76.93775999999995 38.984309999999965,-76.93568999999995 38.984309999999965,-76.93568999999995 38.98223999999996,-76.93775999999995 38.98223999999996))",POINT (-76.93673250096626 38.983031275239235),8,17.178232246464,169.2152267094336
173,K13,-76.93457559567342,38.98306638398169,"POLYGON ((-76.93568999999995 38.98223999999996,-76.93568999999995 38.984309999999965,-76.93361999999995 38.984309999999965,-76.93361999999995 38.98223999999996,-76.93568999999995 38.98223999999996))",POINT (-76.93457559567342 38.98306638398169),18,11.906553308512002,91.56133089719039
174,K14,-76.93263006205022,38.98304451831251,"POLYGON ((-76.93361999999995 38.98223999999996,-76.93361999999995 38.984309999999965,-76.93154999999994 38.984309999999965,-76.93154999999994 38.98223999999996,-76.93361999999995 38.98223999999996))",POINT (-76.93263006205022 38.98304451831251),24,58.695764869856006,214.56371039155843
175,K15,-76.93048757075186,38.98278230240977,"POLYGON ((-76.93154999999994 38.98223999999996,-76.93154999999994 38.984309999999965,-76.92947999999994 38.984309999999965,-76.92947999999994 38.98223999999996,-76.93154999999994 38.98223999999996))",POINT (-76.93048757075186 38.98278230240977),25,31.638846214687995,66.69022876303998
176,K16,-76.92807490787729,38.98331539876899,"POLYGON ((-76.92947999999994 38.98223999999996,-76.92947999999994 38.984309999999965,-76.92740999999994 38.984309999999965,-76.92740999999994 38.98223999999996,-76.92947999999994 38.98223999999996))",POINT (-76.92807490787729 38.98331539876899),1,637.2941392239552,54.46958454905601
177,L1,-76.95877798307369,38.98111235338949,"POLYGON ((-76.96052999999999 38.98016999999996,-76.96052999999999 38.98223999999996,-76.95845999999999 38.98223999999996,-76.95845999999999 38.98016999999996,-76.96052999999999 38.98016999999996))",POINT (-76.95877798307369 38.98111235338949),16,22.33699776432,22.33699776432
178,L2,-76.95742220803666,38.98113749137811,"POLYGON ((-76.95845999999999 38.98016999999996,-76.95845999999999 38.98223999999996,-76.95638999999998 38.98223999999996,-76.95638999999998 38.98016999999996,-76.95845999999999 38.98016999999996))",POINT (-76.95742220803666 38.98113749137811),60,68.31644034627202,68.84613237705601
179,L3,-76.95554317652794,38.9812008423502,"POLYGON ((-76.95638999999998 38.98016999999996,-76.95638999999998 38.98223999999996,-76.95431999999998 38.98223999999996,-76.95431999999998 38.98016999999996,-76.95638999999998 38.98016999999996))",POINT (-76.95554317652794 38.9812008423502),55,84.53275573983998,84.53275573983998
180,L4,-76.95335233018842,38.98096162826934,"POLYGON ((-76.95431999999998 38.98016999999996,-76.95431999999998 38.98223999999996,-76.95224999999998 38.98223999999996,-76.95224999999998 38.98016999999996,-76.95431999999998 38.98016999999996))",POINT (-76.95335233018842 38.98096162826934),34,66.49852351881599,66.49852351881599
181,L5,-76.9513854594267,38.98106222705666,"POLYGON ((-76.95224999999998 38.98016999999996,-76.95224999999998 38.98223999999996,-76.95017999999997 38.98223999999996,-76.95017999999997 38.98016999999996,-76.95224999999998 38.98016999999996))",POINT (-76.9513854594267 38.98106222705666),22,60.636067358559984,60.636067358559984
182,L6,-76.94913312544998,38.98093088883684,"POLYGON ((-76.95017999999997 38.98016999999996,-76.95017999999997 38.98223999999996,-76.94810999999997 38.98223999999996,-76.94810999999997 38.98016999999996,-76.95017999999997 38.98016999999996))",POINT (-76.94913312544998 38.98093088883684),10,18.093649006432,18.093649006432
183,L7,-76.94772506900092,38.98185014151305,"POLYGON ((-76.94810999999997 38.98016999999996,-76.94810999999997 38.98223999999996,-76.94603999999997 38.98223999999996,-76.94603999999997 38.98016999999996,-76.94810999999997 38.98016999999996))",POINT (-76.94772506900092 38.98185014151305),5,4.345552087136,43.40984959953281
184,L8,-76.944674267495,38.98125021852531,"POLYGON ((-76.94603999999997 38.98016999999996,-76.94603999999997 38.98223999999996,-76.94396999999996 38.98223999999996,-76.94396999999996 38.98016999999996,-76.94603999999997 38.98016999999996))",POINT (-76.944674267495 38.98125021852531),7,14.921632250656003,225.3483951386304
185,L9,-76.94293087156598,38.98150114986983,"POLYGON ((-76.94396999999996 38.98016999999996,-76.94396999999996 38.98223999999996,-76.94189999999996 38.98223999999996,-76.94189999999996 38.98016999999996,-76.94396999999996 38.98016999999996))",POINT (-76.94293087156598 38.98150114986983),12,41.241599780288,78.2158688103168
186,L10,-76.94097935301976,38.981239260211986,"POLYGON ((-76.94189999999996 38.98016999999996,-76.94189999999996 38.98223999999996,-76.93982999999996 38.98223999999996,-76.93982999999996 38.98016999999996,-76.94189999999996 38.98016999999996))",POINT (-76.94097935301976 38.981239260211986),13,68.365308499488,351.4440641481088
187,L11,-76.93844742314151,38.98132432621527,"POLYGON ((-76.93982999999996 38.98016999999996,-76.93982999999996 38.98223999999996,-76.93775999999995 38.98223999999996,-76.93775999999995 38.98016999999996,-76.93982999999996 38.98016999999996))",POINT (-76.93844742314151 38.98132432621527),28,165.11361712369288,429.85305903882244
188,L12,-76.93696658659923,38.98124204098209,"POLYGON ((-76.93775999999995 38.98016999999996,-76.93775999999995 38.98223999999996,-76.93568999999995 38.98223999999996,-76.93568999999995 38.98016999999996,-76.93775999999995 38.98016999999996))",POINT (-76.93696658659923 38.98124204098209),30,64.657571923104,381.8406905191744
189,L13,-76.93438195772437,38.98115878105757,"POLYGON ((-76.93568999999995 38.98016999999996,-76.93568999999995 38.98223999999996,-76.93361999999995 38.98223999999996,-76.93361999999995 38.98016999999996,-76.93568999999995 38.98016999999996))",POINT (-76.93438195772437 38.98115878105757),34,69.13126836355197,69.62918533083517
190,L14,-76.9326950827919,38.98136886085007,"POLYGON ((-76.93361999999995 38.98016999999996,-76.93361999999995 38.98223999999996,-76.93154999999994 38.98223999999996,-76.93154999999994 38.98016999999996,-76.93361999999995 38.98016999999996))",POINT (-76.9326950827919 38.98136886085007),45,72.663015004896,72.663015004896
191,L15,-76.93051274389447,38.981309029265816,"POLYGON ((-76.93154999999994 38.98016999999996,-76.93154999999994 38.98223999999996,-76.92947999999994 38.98223999999996,-76.92947999999994 38.98016999999996,-76.93154999999994 38.98016999999996))",POINT (-76.93051274389447 38.981309029265816),41,48.885160194432,48.885160194432
192,L16,-76.92844499999994,38.98120499999996,"POLYGON ((-76.92947999999994 38.98016999999996,-76.92947999999994 38.98223999999996,-76.92740999999994 38.98223999999996,-76.92740999999994 38.98016999999996,-76.92947999999994 38.98016999999996))",POINT (-76.92844499999994 38.98120499999996),0,0.0,0.0
193,M1,-76.95885032605571,38.97937723859686,"POLYGON ((-76.96052999999999 38.978099999999955,-76.96052999999999 38.98016999999996,-76.95845999999999 38.98016999999996,-76.95845999999999 38.978099999999955,-76.96052999999999 38.978099999999955))",POINT (-76.95885032605571 38.97937723859686),12,21.476692225599997,21.476692225599997
194,M2,-76.95755015940045,38.97921660052071,"POLYGON ((-76.95845999999999 38.978099999999955,-76.95845999999999 38.98016999999996,-76.95638999999998 38.98016999999996,-76.95638999999998 38.978099999999955,-76.95845999999999 38.978099999999955))",POINT (-76.95755015940045 38.97921660052071),42,47.746338474112015,47.746338474112015
195,M3,-76.95525966024847,38.979028118272836,"POLYGON ((-76.95638999999998 38.978099999999955,-76.95638999999998 38.98016999999996,-76.95431999999998 38.98016999999996,-76.95431999999998 38.978099999999955,-76.95638999999998 38.978099999999955))",POINT (-76.95525966024847 38.979028118272836),37,50.033884712319995,50.033884712319995
196,M4,-76.95342328065158,38.979191425653774,"POLYGON ((-76.95431999999998 38.978099999999955,-76.95431999999998 38.98016999999996,-76.95224999999998 38.98016999999996,-76.95224999999998 38.978099999999955,-76.95431999999998 38.978099999999955))",POINT (-76.95342328065158 38.979191425653774),27,40.816156221728015,47.187185620563206
197,M5,-76.95115369894958,38.979297063876245,"POLYGON ((-76.95224999999998 38.978099999999955,-76.95224999999998 38.98016999999996,-76.95017999999997 38.98016999999996,-76.95017999999997 38.978099999999955,-76.95224999999998 38.978099999999955))",POINT (-76.95115369894958 38.979297063876245),24,51.41903852214401,51.41903852214401
198,M6,-76.94928549313777,38.97907656915848,"POLYGON ((-76.95017999999997 38.978099999999955,-76.95017999999997 38.98016999999996,-76.94810999999997 38.98016999999996,-76.94810999999997 38.978099999999955,-76.95017999999997 38.978099999999955))",POINT (-76.94928549313777 38.97907656915848),22,47.633694151775984,47.633694151775984
199,M7,-76.94713373503983,38.97903840194047,"POLYGON ((-76.94810999999997 38.978099999999955,-76.94810999999997 38.98016999999996,-76.94603999999997 38.98016999999996,-76.94603999999997 38.978099999999955,-76.94810999999997 38.978099999999955))",POINT (-76.94713373503983 38.97903840194047),25,55.219237088863984,55.219237088863984
200,M8,-76.94499955402931,38.9790618213264,"POLYGON ((-76.94603999999997 38.978099999999955,-76.94603999999997 38.98016999999996,-76.94396999999996 38.98016999999996,-76.94396999999996 38.978099999999955,-76.94603999999997 38.978099999999955))",POINT (-76.94499955402931 38.9790618213264),22,62.444565764416,62.444565764416
201,M9,-76.9429446084188,38.97906925927014,"POLYGON ((-76.94396999999996 38.978099999999955,-76.94396999999996 38.98016999999996,-76.94189999999996 38.98016999999996,-76.94189999999996 38.978099999999955,-76.94396999999996 38.978099999999955))",POINT (-76.9429446084188 38.97906925927014),16,49.131492283936,49.131492283936
202,M10,-76.94095527597098,38.97880582499804,"POLYGON ((-76.94189999999996 38.978099999999955,-76.94189999999996 38.98016999999996,-76.93982999999996 38.98016999999996,-76.93982999999996 38.978099999999955,-76.94189999999996 38.978099999999955))",POINT (-76.94095527597098 38.97880582499804),19,81.56829946830722,285.86984837925127
203,M11,-76.93849722920324,38.97901672402318,"POLYGON ((-76.93982999999996 38.978099999999955,-76.93982999999996 38.98016999999996,-76.93775999999995 38.98016999999996,-76.93775999999995 38.978099999999955,-76.93982999999996 38.978099999999955))",POINT (-76.93849722920324 38.97901672402318),12,120.35542628790397,214.98922929749116
204,M12,-76.93649819407261,38.979360154865766,"POLYGON ((-76.93775999999995 38.978099999999955,-76.93775999999995 38.98016999999996,-76.93568999999995 38.98016999999996,-76.93568999999995 38.978099999999955,-76.93775999999995 38.978099999999955))",POINT (-76.93649819407261 38.979360154865766),29,119.13818948031998,321.990054938592
205,M13,-76.93459611514199,38.979182121081394,"POLYGON ((-76.93568999999995 38.978099999999955,-76.93568999999995 38.98016999999996,-76.93361999999995 38.98016999999996,-76.93361999999995 38.978099999999955,-76.93568999999995 38.978099999999955))",POINT (-76.93459611514199 38.979182121081394),57,105.67040631566076,71.86664709395195
206,M14,-76.93270495702885,38.9792340076121,"POLYGON ((-76.93361999999995 38.978099999999955,-76.93361999999995 38.98016999999996,-76.93154999999994 38.98016999999996,-76.93154999999994 38.978099999999955,-76.93361999999995 38.978099999999955))",POINT (-76.93270495702885 38.9792340076121),39,54.20011005219199,109.2125401305408
207,M15,-76.93048071353623,38.97916508228911,"POLYGON ((-76.93154999999994 38.978099999999955,-76.93154999999994 38.98016999999996,-76.92947999999994 38.98016999999996,-76.92947999999994 38.978099999999955,-76.93154999999994 38.978099999999955))",POINT (-76.93048071353623 38.97916508228911),40,55.683430724863996,55.683430724863996
208,M16,-76.92844499999994,38.97913499999996,"POLYGON ((-76.92947999999994 38.978099999999955,-76.92947999999994 38.98016999999996,-76.92740999999994 38.98016999999996,-76.92740999999994 38.978099999999955,-76.92947999999994 38.978099999999955))",POINT (-76.92844499999994 38.97913499999996),0,0.0,0.0
209,N1,-76.9591,38.9780857,"POLYGON ((-76.96052999999999 38.97602999999995,-76.96052999999999 38.978099999999955,-76.95845999999999 38.978099999999955,-76.95845999999999 38.97602999999995,-76.96052999999999 38.97602999999995))",POINT (-76.9591 38.9780857),0,0.0,0.0
210,N2,-76.95732980111784,38.97728822903945,"POLYGON ((-76.95845999999999 38.97602999999995,-76.95845999999999 38.978099999999955,-76.95638999999998 38.978099999999955,-76.95638999999998 38.97602999999995,-76.95845999999999 38.97602999999995))",POINT (-76.95732980111784 38.97728822903945),31,75.903705509024,75.903705509024
211,N3,-76.95533908696514,38.977382814816245,"POLYGON ((-76.95638999999998 38.97602999999995,-76.95638999999998 38.978099999999955,-76.95431999999998 38.978099999999955,-76.95431999999998 38.97602999999995,-76.95638999999998 38.97602999999995))",POINT (-76.95533908696514 38.977382814816245),39,70.171223566848,70.171223566848
212,N4,-76.95349985122085,38.97720664206257,"POLYGON ((-76.95431999999998 38.97602999999995,-76.95431999999998 38.978099999999955,-76.95224999999998 38.978099999999955,-76.95224999999998 38.97602999999995,-76.95431999999998 38.97602999999995))",POINT (-76.95349985122085 38.97720664206257),25,21.947774764256,28.098337750278397
213,N5,-76.95133585336406,38.97717242513758,"POLYGON ((-76.95224999999998 38.97602999999995,-76.95224999999998 38.978099999999955,-76.95017999999997 38.978099999999955,-76.95017999999997 38.97602999999995,-76.95224999999998 38.97602999999995))",POINT (-76.95133585336406 38.97717242513758),14,3.2694839644480003,15.284289919852798
214,N6,-76.94915969558309,38.977200754882965,"POLYGON ((-76.95017999999997 38.97602999999995,-76.95017999999997 38.978099999999955,-76.94810999999997 38.978099999999955,-76.94810999999997 38.97602999999995,-76.95017999999997 38.97602999999995))",POINT (-76.94915969558309 38.977200754882965),9,5.645186628831999,12.322169416876799
215,N7,-76.9470956174413,38.9771166018484,"POLYGON ((-76.94810999999997 38.97602999999995,-76.94810999999997 38.978099999999955,-76.94603999999997 38.978099999999955,-76.94603999999997 38.97602999999995,-76.94810999999997 38.97602999999995))",POINT (-76.9470956174413 38.9771166018484),15,24.704950413216,29.4697245187008
216,N8,-76.94497064877606,38.97726060630108,"POLYGON ((-76.94603999999997 38.97602999999995,-76.94603999999997 38.978099999999955,-76.94396999999996 38.978099999999955,-76.94396999999996 38.97602999999995,-76.94603999999997 38.97602999999995))",POINT (-76.94497064877606 38.97726060630108),25,46.36489821337601,46.36489821337601
217,N9,-76.94292065525975,38.9773765949994,"POLYGON ((-76.94396999999996 38.97602999999995,-76.94396999999996 38.978099999999955,-76.94189999999996 38.978099999999955,-76.94189999999996 38.97602999999995,-76.94396999999996 38.97602999999995))",POINT (-76.94292065525975 38.9773765949994),20,48.182061567104,48.182061567104
218,N10,-76.94089102901776,38.97735363505386,"POLYGON ((-76.94189999999996 38.97602999999995,-76.94189999999996 38.978099999999955,-76.93982999999996 38.978099999999955,-76.93982999999996 38.97602999999995,-76.94189999999996 38.97602999999995))",POINT (-76.94089102901776 38.97735363505386),16,32.713245931264,38.6658390772096
219,N11,-76.9388009727436,38.97731864883442,"POLYGON ((-76.93982999999996 38.97602999999995,-76.93982999999996 38.978099999999955,-76.93775999999995 38.978099999999955,-76.93775999999995 38.97602999999995,-76.93982999999996 38.97602999999995))",POINT (-76.9388009727436 38.97731864883442),8,33.8230912047872,20.23776613856
220,N12,-76.9364930500943,38.97709589212133,"POLYGON ((-76.93775999999995 38.97602999999995,-76.93775999999995 38.978099999999955,-76.93568999999995 38.978099999999955,-76.93568999999995 38.97602999999995,-76.93775999999995 38.97602999999995))",POINT (-76.9364930500943 38.97709589212133),36,50.17376172796799,50.17376172796799
221,N13,-76.93450297727597,38.977223008815294,"POLYGON ((-76.93568999999995 38.97602999999995,-76.93568999999995 38.978099999999955,-76.93361999999995 38.978099999999955,-76.93361999999995 38.97602999999995,-76.93568999999995 38.97602999999995))",POINT (-76.93450297727597 38.977223008815294),47,39.26954375590399,39.26954375590399
222,N14,-76.93251441384467,38.977216969723386,"POLYGON ((-76.93361999999995 38.97602999999995,-76.93361999999995 38.978099999999955,-76.93154999999994 38.978099999999955,-76.93154999999994 38.97602999999995,-76.93361999999995 38.97602999999995))",POINT (-76.93251441384467 38.977216969723386),45,51.374475933087986,51.374475933087986
223,N15,-76.93054467322288,38.977294120494996,"POLYGON ((-76.93154999999994 38.97602999999995,-76.93154999999994 38.978099999999955,-76.92947999999994 38.978099999999955,-76.92947999999994 38.97602999999995,-76.93154999999994 38.97602999999995))",POINT (-76.93054467322288 38.977294120494996),44,48.463053448096005,48.463053448096005
224,N16,-76.92942975946714,38.977770979530405,"POLYGON ((-76.92947999999994 38.97602999999995,-76.92947999999994 38.978099999999955,-76.92740999999994 38.978099999999955,-76.92740999999994 38.97602999999995,-76.92947999999994 38.97602999999995))",POINT (-76.92942975946714 38.977770979530405),1,1.205450325696,28.810262784134405
225,Gate1,-76.961565,38.977064999999996,,POINT (-76.961565 38.977064999999996),0,0.0,0.0
226,Gate2,-76.961565,38.979135,,POINT (-76.961565 38.979135),0,0.0,0.0
227,Gate3,-76.961565,38.981204999999996,,POINT (-76.961565 38.981204999999996),0,0.0,0.0
228,Gate4,-76.961565,38.983275,,POINT (-76.961565 38.983275),0,0.0,0.0
229,Gate5,-76.961565,38.985344999999995,,POINT (-76.961565 38.985344999999995),0,2000.0,2000.0
230,Gate6,-76.961565,38.987415,,POINT (-76.961565 38.987415),0,0.0,0.0
231,Gate7,-76.961565,38.989484999999995,,POINT (-76.961565 38.989484999999995),0,0.0,0.0
232,Gate8,-76.961565,38.991555,,POINT (-76.961565 38.991555),0,0.0,0.0
233,Gate9,-76.961565,38.993624999999994,,POINT (-76.961565 38.993624999999994),0,1000.0,1000.0
234,Gate10,-76.961565,38.995695,,POINT (-76.961565 38.995695),0,0.0,0.0
235,Gate11,-76.961565,38.997764999999994,,POINT (-76.961565 38.997764999999994),0,0.0,0.0
236,Gate12,-76.961565,38.999835,,POINT (-76.961565 38.999835),0,0.0,0.0
237,Gate13,-76.961565,39.001904999999994,,POINT (-76.961565 39.001904999999994),0,0.0,0.0
238,Gate14,-76.961565,39.003975,,POINT (-76.961565 39.003975),0,0.0,0.0
239,Gate15,-76.95949499999999,39.006045,,POINT (-76.95949499999999 39.006045),0,0.0,0.0
240,Gate16,-76.95742499999999,39.006045,,POINT (-76.95742499999999 39.006045),0,0.0,0.0
241,Gate17,-76.95535499999998,39.006045,,POINT (-76.95535499999998 39.006045),0,0.0,0.0
242,Gate18,-76.953285,39.006045,,POINT (-76.953285 39.006045),0,0.0,0.0
243,Gate19,-76.95121499999999,39.006045,,POINT (-76.95121499999999 39.006045),0,0.0,0.0
244,Gate20,-76.94914499999999,39.006045,,POINT (-76.94914499999999 39.006045),0,0.0,0.0
245,Gate21,-76.94707499999998,39.006045,,POINT (-76.94707499999998 39.006045),0,0.0,0.0
246,Gate22,-76.945005,39.006045,,POINT (-76.945005 39.006045),0,0.0,0.0
247,Gate23,-76.94293499999999,39.006045,,POINT (-76.94293499999999 39.006045),0,0.0,0.0
248,Gate24,-76.94086499999999,39.006045,,POINT (-76.94086499999999 39.006045),0,1000.0,1000.0
249,Gate25,-76.93879499999998,39.006045,,POINT (-76.93879499999998 39.006045),0,0.0,0.0
250,Gate26,-76.936725,39.006045,,POINT (-76.936725 39.006045),0,0.0,0.0
251,Gate27,-76.93465499999999,39.006045,,POINT (-76.93465499999999 39.006045),0,0.0,0.0
252,Gate28,-76.93258499999999,39.006045,,POINT (-76.93258499999999 39.006045),0,1000.0,1000.0
253,Gate29,-76.93051499999999,39.006045,,POINT (-76.93051499999999 39.006045),0,0.0,0.0
254,Gate30,-76.928445,39.006045,,POINT (-76.928445 39.006045),0,0.0,0.0
255,Gate31,-76.926375,39.003975,,POINT (-76.926375 39.003975),0,0.0,0.0
256,Gate32,-76.926375,39.001904999999994,,POINT (-76.926375 39.001904999999994),0,6000.0,6000.0
257,Gate33,-76.926375,38.999835,,POINT (-76.926375 38.999835),0,0.0,0.0
258,Gate34,-76.926375,38.997764999999994,,POINT (-76.926375 38.997764999999994),0,1000.0,1000.0
259,Gate35,-76.926375,38.995695,,POINT (-76.926375 38.995695),0,0.0,0.0
260,Gate36,-76.926375,38.993624999999994,,POINT (-76.926375 38.993624999999994),0,1000.0,1000.0
261,Gate37,-76.926375,38.991555,,POINT (-76.926375 38.991555),0,0.0,0.0
262,Gate38,-76.926375,38.989484999999995,,POINT (-76.926375 38.989484999999995),0,0.0,0.0
263,Gate39,-76.926375,38.987415,,POINT (-76.926375 38.987415),0,0.0,0.0
264,Gate40,-76.926375,38.985344999999995,,POINT (-76.926375 38.985344999999995),0,0.0,0.0
265,Gate41,-76.926375,38.983275,,POINT (-76.926375 38.983275),0,0.0,0.0
266,Gate42,-76.926375,38.981204999999996,,POINT (-76.926375 38.981204999999996),0,0.0,0.0
267,Gate43,-76.926375,38.979135,,POINT (-76.926375 38.979135),0,0.0,0.0
268,Gate44,-76.926375,38.977064999999996,,POINT (-76.926375 38.977064999999996),0,0.0,0.0
269,Gate45,-76.928445,38.97499499999999,,POINT (-76.928445 38.97499499999999),0,0.0,0.0
270,Gate46,-76.930515,38.97499499999999,,POINT (-76.930515 38.97499499999999),0,0.0,0.0
271,Gate47,-76.932585,38.97499499999999,,POINT (-76.932585 38.97499499999999),0,0.0,0.0
272,Gate48,-76.93465499999999,38.97499499999999,,POINT (-76.93465499999999 38.97499499999999),0,0.0,0.0
273,Gate49,-76.936725,38.97499499999999,,POINT (-76.936725 38.97499499999999),0,1000.0,1000.0
274,Gate50,-76.938795,38.97499499999999,,POINT (-76.938795 38.97499499999999),0,1000.0,1000.0
275,Gate51,-76.940865,38.97499499999999,,POINT (-76.940865 38.97499499999999),0,0.0,0.0
276,Gate52,-76.94293499999999,38.97499499999999,,POINT (-76.94293499999999 38.97499499999999),0,0.0,0.0
277,Gate53,-76.945005,38.97499499999999,,POINT (-76.945005 38.97499499999999),0,0.0,0.0
278,Gate54,-76.947075,38.97499499999999,,POINT (-76.947075 38.97499499999999),0,0.0,0.0
279,Gate55,-76.949145,38.97499499999999,,POINT (-76.949145 38.97499499999999),0,0.0,0.0
280,Gate56,-76.95121499999999,38.97499499999999,,POINT (-76.95121499999999 38.97499499999999),0,0.0,0.0
281,Gate57,-76.953285,38.97499499999999,,POINT (-76.953285 38.97499499999999),0,1000.0,1000.0
282,Gate58,-76.955355,38.97499499999999,,POINT (-76.955355 38.97499499999999),0,0.0,0.0
283,Gate59,-76.957425,38.97499499999999,,POINT (-76.957425 38.97499499999999),0,0.0,0.0
284,Gate60,-76.95949499999999,38.97499499999999,,POINT (-76.95949499999999 38.97499499999999),0,0.0,0.0
